Log(Relative risk),Standard error,P,Drug,Outcome,Method,Database
0.433902074,0.76175376,0.568942677,Thiothixene,Upper GI Bleeding,SCCS,GE
0.636318364,0.183989199,0.000543283,Methocarbamol,Upper GI Bleeding,SCCS,GE
0.929754897,0.297980184,0.001807342,Phentermine,Upper GI Bleeding,SCCS,GE
1.691927343,0.595522198,0.004496076,Disulfiram,Upper GI Bleeding,SCCS,GE
0.52616906,0.196719949,0.007479364,Orlistat,Upper GI Bleeding,SCCS,GE
0.858189008,0.130846045,5.43E-11,Prochlorperazine,Upper GI Bleeding,SCCS,GE
0.800992415,0.120855794,3.41E-11,Metaxalone,Upper GI Bleeding,SCCS,GE
0.878170151,0.346239787,0.01120287,Chlorazepate,Upper GI Bleeding,SCCS,GE
0.73045168,0.139021871,1.49E-07,Temazepam,Upper GI Bleeding,SCCS,GE
0.776188471,0.297058794,0.008977443,Urea,Upper GI Bleeding,SCCS,GE
0.734523595,0.277883254,0.00821068,Miconazole,Upper GI Bleeding,SCCS,GE
1.279632463,0.262141411,1.05E-06,Benzocaine,Upper GI Bleeding,SCCS,GE
0.531254954,0.13397046,7.33E-05,Oxybutynin,Upper GI Bleeding,SCCS,GE
0.106333278,0.331148268,0.748131019,Amylases,Upper GI Bleeding,SCCS,GE
0.464246631,0.138740186,0.000819396,Nitrofurantoin,Upper GI Bleeding,SCCS,GE
1.24344184,0.090779785,0,Hyoscyamine,Upper GI Bleeding,SCCS,GE
1.347351819,0.115971298,0,Dicyclomine,Upper GI Bleeding,SCCS,GE
0.106333278,0.331148268,0.748131019,Endopeptidases,Upper GI Bleeding,SCCS,GE
-0.647623867,1.313521167,0.621981424,Propantheline,Upper GI Bleeding,SCCS,GE
0.856079306,0.16092114,1.04E-07,Scopolamine,Upper GI Bleeding,SCCS,GE
1.30792476,0.19409665,1.60E-11,Simethicone,Upper GI Bleeding,SCCS,GE
1.163684831,0.117531482,0,Ketoconazole,Upper GI Bleeding,SCCS,GE
0.816234687,0.387381672,0.035112768,Lactulose,Upper GI Bleeding,SCCS,GE
0.106333278,0.331148268,0.748131019,Lipase,Upper GI Bleeding,SCCS,GE
1.506439297,0.131170755,0,Sucralfate,Upper GI Bleeding,SCCS,GE
0.737563397,0.805616431,0.359915163,Tetrahydrocannabinol,Upper GI Bleeding,SCCS,GE
0.687849571,0.061145939,0,Loratadine,Upper GI Bleeding,SCCS,GE
0.629433124,0.101550543,5.71E-10,Benzonatate,Upper GI Bleeding,SCCS,GE
0.787747645,0.08193105,0,Salmeterol,Upper GI Bleeding,SCCS,GE
0.089599439,0.551000165,0.870823652,Ergotamine,Upper GI Bleeding,SCCS,GE
0.704474846,0.07264449,0,Fluticasone,Upper GI Bleeding,SCCS,GE
0.647387346,0.251797359,0.010138633,Epoetin Alfa,Upper GI Bleeding,SCCS,GE
0.250665642,0.233063132,0.282138946,Moexipril,Upper GI Bleeding,SCCS,GE
1.938194097,0.805018223,0.016056004,Chlorambucil,Upper GI Bleeding,SCCS,GE
1.119246873,0.145833796,1.67E-14,Ferrous gluconate,Upper GI Bleeding,SCCS,GE
0.380414394,0.131097471,0.003710637,Pioglitazone,Upper GI Bleeding,SCCS,GE
0.571386224,0.676474602,0.398304672,Acarbose,Upper GI Bleeding,SCCS,GE
0.521790656,0.126716424,3.83E-05,Rosiglitazone,Upper GI Bleeding,SCCS,GE
1.021801577,0.311065514,0.00102039,Itraconazole,Upper GI Bleeding,SCCS,GE
0.473702289,0.503351731,0.346655677,Lamivudine,Upper GI Bleeding,SCCS,GE
0.796144677,0.647582367,0.218917869,Zidovudine,Upper GI Bleeding,SCCS,GE
0.893591869,0.375996948,0.017473336,Penicillin V,Upper GI Bleeding,SCCS,GE
1.029418911,0.14165947,3.68E-13,Terbinafine,Upper GI Bleeding,SCCS,GE
-0.853082264,0.809950296,0.292225232,Stavudine,Upper GI Bleeding,SCCS,GE
1.127486037,0.573010088,0.049107772,Vitamin A,Upper GI Bleeding,SCCS,GE
0.613104473,0.571771875,0.283590418,Thiothixene,Upper GI Bleeding,Case-control,GE
0.647890589,0.191382693,0.000710968,Methocarbamol,Upper GI Bleeding,Case-control,GE
1.791759466,1.414213562,0.205167709,Neostigmine,Upper GI Bleeding,Case-control,GE
0.944461609,0.34503278,0.006194393,Phentermine,Upper GI Bleeding,Case-control,GE
-0.15415068,1.069044965,0.88534668,Disulfiram,Upper GI Bleeding,Case-control,GE
0.8001193,0.244146049,0.001048362,Orlistat,Upper GI Bleeding,Case-control,GE
1.186156511,0.158136117,6.35E-14,Prochlorperazine,Upper GI Bleeding,Case-control,GE
0.836340433,0.144192807,6.63E-09,Metaxalone,Upper GI Bleeding,Case-control,GE
0.582799123,0.254804578,0.022181841,Chlorazepate,Upper GI Bleeding,Case-control,GE
0.951929236,0.126662398,5.66E-14,Temazepam,Upper GI Bleeding,Case-control,GE
0.762140052,0.368394199,0.038563295,Urea,Upper GI Bleeding,Case-control,GE
1.722766644,0.371611676,3.55E-06,Miconazole,Upper GI Bleeding,Case-control,GE
1.149905583,0.390680917,0.003246948,Benzocaine,Upper GI Bleeding,Case-control,GE
0.497405513,0.13661472,0.000271648,Oxybutynin,Upper GI Bleeding,Case-control,GE
1.268511325,0.315494908,5.80E-05,Amylases,Upper GI Bleeding,Case-control,GE
0.728667447,0.164232655,9.13E-06,Nitrofurantoin,Upper GI Bleeding,Case-control,GE
1.261869281,0.112109722,0,Hyoscyamine,Upper GI Bleeding,Case-control,GE
1.322085753,0.146436198,0,Dicyclomine,Upper GI Bleeding,Case-control,GE
1.268511325,0.315494908,5.80E-05,Endopeptidases,Upper GI Bleeding,Case-control,GE
1.098612289,1.224744872,0.369711885,Propantheline,Upper GI Bleeding,Case-control,GE
0.963437511,0.194448045,7.24E-07,Scopolamine,Upper GI Bleeding,Case-control,GE
1.704748136,0.240999601,1.51E-12,Simethicone,Upper GI Bleeding,Case-control,GE
1.053945218,0.146719145,6.80E-13,Ketoconazole,Upper GI Bleeding,Case-control,GE
1.16315081,0.437797518,0.007888069,Lactulose,Upper GI Bleeding,Case-control,GE
1.268511325,0.315494908,5.80E-05,Lipase,Upper GI Bleeding,Case-control,GE
1.785416386,0.175525518,0,Sucralfate,Upper GI Bleeding,Case-control,GE
0.405465462,0.645497156,0.529909311,Tetrahydrocannabinol,Upper GI Bleeding,Case-control,GE
0.594119092,0.062444196,0,Loratadine,Upper GI Bleeding,Case-control,GE
0.705289369,0.134755415,1.66E-07,Benzonatate,Upper GI Bleeding,Case-control,GE
0.83161828,0.074573783,0,Salmeterol,Upper GI Bleeding,Case-control,GE
0.405465462,0.499999947,0.417405291,Ergotamine,Upper GI Bleeding,Case-control,GE
0.720519743,0.067989632,0,Fluticasone,Upper GI Bleeding,Case-control,GE
1.067840631,0.304635898,0.000456091,Epoetin Alfa,Upper GI Bleeding,Case-control,GE
0.556412235,0.189610436,0.003340832,Moexipril,Upper GI Bleeding,Case-control,GE
1.791759466,0.816496581,0.028203203,Chlorambucil,Upper GI Bleeding,Case-control,GE
1.925290862,0.211288564,0,Ferrous gluconate,Upper GI Bleeding,Case-control,GE
0.506871265,0.105374017,1.51E-06,Pioglitazone,Upper GI Bleeding,Case-control,GE
0.087013958,0.543556821,0.872816053,Acarbose,Upper GI Bleeding,Case-control,GE
0.748568739,0.102789249,3.28E-13,Rosiglitazone,Upper GI Bleeding,Case-control,GE
0.652325186,0.40620192,0.108292896,Itraconazole,Upper GI Bleeding,Case-control,GE
-0.049009797,0.341153918,0.885769827,Lamivudine,Upper GI Bleeding,Case-control,GE
0.100083459,0.411306374,0.80774924,Zidovudine,Upper GI Bleeding,Case-control,GE
0.875468738,0.591607979,0.138923357,Penicillin V,Upper GI Bleeding,Case-control,GE
0.650878858,0.189128032,0.000578558,Terbinafine,Upper GI Bleeding,Case-control,GE
-1.070441002,0.727029045,0.140926467,Stavudine,Upper GI Bleeding,Case-control,GE
1.098612289,0.612372436,0.072808962,Vitamin A,Upper GI Bleeding,Case-control,GE
2.192020837,0.729304283,0.002650289,Sodium Phosphate,Acute Liver Failure,Cohort method,MDCR
0.842202099,1.010288408,0.404492096,Lithium citrate,Acute Liver Failure,Cohort method,MDCR
0.678500603,0.082997757,2.22E-16,Sitagliptin,Acute Liver Failure,Cohort method,MDCR
0.626342279,0.124584624,4.97E-07,Salmeterol,Acute Liver Failure,Cohort method,MDCR
0.620695151,0.056909273,0,Lactulose,Acute Liver Failure,Cohort method,MDCR
0.606866955,0.058530829,0,Dicyclomine,Acute Liver Failure,Cohort method,MDCR
0.484863411,0.12150176,6.59E-05,Primidone,Acute Liver Failure,Cohort method,MDCR
0.430387117,0.150538541,0.004250017,Tetrahydrocannabinol,Acute Liver Failure,Cohort method,MDCR
0.330131719,0.063937452,2.43E-07,Sucralfate,Acute Liver Failure,Cohort method,MDCR
0.232258639,0.064281104,0.000302475,Hyoscyamine,Acute Liver Failure,Cohort method,MDCR
0.221548397,0.057096376,0.000104348,Oxybutynin,Acute Liver Failure,Cohort method,MDCR
0.173421496,0.712598239,0.807722627,Almotriptan,Acute Liver Failure,Cohort method,MDCR
0.13730677,1.0064278,0.891481496,Propantheline,Acute Liver Failure,Cohort method,MDCR
0.110258055,0.321680684,0.731781864,Methenamine,Acute Liver Failure,Cohort method,MDCR
0.080908853,0.29304675,0.78247481,Phentermine,Acute Liver Failure,Cohort method,MDCR
-0.065442868,0.340855166,0.847745248,Griseofulvin,Acute Liver Failure,Cohort method,MDCR
-0.139094569,0.050378854,0.005762974,Fluticasone,Acute Liver Failure,Cohort method,MDCR
-0.336363132,0.381762904,0.378275269,Flavoxate,Acute Liver Failure,Cohort method,MDCR
-0.386900147,0.449591864,0.389481193,Droperidol,Acute Liver Failure,Cohort method,MDCR
-0.38900627,0.581939026,0.503836378,Cosyntropin,Acute Liver Failure,Cohort method,MDCR
-0.444513517,0.245557413,0.070261314,Benzocaine,Acute Liver Failure,Cohort method,MDCR
-0.508852162,0.208636009,0.01473013,Neostigmine,Acute Liver Failure,Cohort method,MDCR
-0.511577012,1.005331425,0.610847526,Phentolamine,Acute Liver Failure,Cohort method,MDCR
-0.525488569,0.06547125,1.00E-15,Benzonatate,Acute Liver Failure,Cohort method,MDCR
-0.590646076,0.581500448,0.309759104,Ergotamine,Acute Liver Failure,Cohort method,MDCR
-0.598104507,0.086146065,3.84E-12,Gatifloxacin,Acute Liver Failure,Cohort method,MDCR
-0.61409736,0.33642042,0.067942695,Ketotifen,Acute Liver Failure,Cohort method,MDCR
-0.898602784,0.115944885,9.17E-15,Penicillin V,Acute Liver Failure,Cohort method,MDCR
-0.975078362,0.166196546,4.44E-09,Scopolamine,Acute Liver Failure,Cohort method,MDCR
-1.055929509,0.056446411,4.36E-78,Adenosine,Acute Liver Failure,Cohort method,MDCR
